underlying_symbol,token_symbol,binance_spot_symbol,source_asset_type,leverage_factor
AAOI,AAOIB,AAOIBUSDT,Stock,1
AAPL,AAPLB,AAPLBUSDT,Stock,1
AGPU,AGPUB,AGPUBUSDT,Stock,1
ALAB,ALABB,ALABBUSDT,Stock,1
AMAT,AMATB,AMATBUSDT,Stock,1
AMC,AMCB,AMCBUSDT,Stock,1
AMD,AMDB,AMDBUSDT,Stock,1
AMZN,AMZNB,AMZNBUSDT,Stock,1
ARM,ARMB,ARMBUSDT,Stock,1
ASML,ASMLB,ASMLBUSDT,Stock,1
ASTS,ASTSB,ASTSBUSDT,Stock,1
AVGO,AVGOB,AVGOBUSDT,Stock,1
AXTI,AXTIB,AXTIBUSDT,Stock,1
BABA,BABAB,BABABUSDT,Stock,1
BE,BEB,BEBUSDT,Stock,1
BMNR,BMNRB,BMNRBUSDT,Stock,1
BNC,BNCB,BNCBUSDT,Stock,1
CBRS,CBRSB,CBRSBUSDT,Stock,1
COHR,COHRB,COHRBUSDT,Stock,1
COIN,COINB,COINBUSDT,Stock,1
CRCL,CRCLB,CRCLBUSDT,Stock,1
CRDO,CRDOB,CRDOBUSDT,Stock,1
CRM,CRMB,CRMBUSDT,Stock,1
CRWD,CRWDB,CRWDBUSDT,Stock,1
CRWV,CRWVB,CRWVBUSDT,Stock,1
CYPH,CYPHB,CYPHBUSDT,Stock,1
DELL,DELLB,DELLBUSDT,Stock,1
DJT,DJTB,DJTBUSDT,Stock,1
DRAM,DRAMB,DRAMBUSDT,ETF,1
EWY,EWYB,EWYBUSDT,ETF,1
FLNC,FLNCB,FLNCBUSDT,Stock,1
GLW,GLWB,GLWBUSDT,Stock,1
GME,GMEB,GMEBUSDT,Stock,1
GOOGL,GOOGLB,GOOGLBUSDT,Stock,1
GPRO,GPROB,GPROBUSDT,Stock,1
GS,GSB,GSBUSDT,Stock,1
HIMS,HIMSB,HIMSBUSDT,Stock,1
HOOD,HOODB,HOODBUSDT,Stock,1
IBM,IBMB,IBMBUSDT,Stock,1
INTC,INTCB,INTCBUSDT,Stock,1
INTW,INTWB,INTWBUSDT,ETF,2
IREN,IRENB,IRENBUSDT,Stock,1
KORU,KORUB,KORUBUSDT,ETF,3
LITE,LITEB,LITEBUSDT,Stock,1
META,METAB,METABUSDT,Stock,1
MRNA,MRNAB,MRNABUSDT,Stock,1
MRVL,MRVLB,MRVLBUSDT,Stock,1
MSFT,MSFTB,MSFTBUSDT,Stock,1
MSTR,MSTRB,MSTRBUSDT,Stock,1
MU,MUB,MUBUSDT,Stock,1
MUU,MUUB,MUUBUSDT,ETF,2
MVLL,MVLLB,MVLLBUSDT,ETF,2
NBIS,NBISB,NBISBUSDT,Stock,1
NFLX,NFLXB,NFLXBUSDT,Stock,1
NOK,NOKB,NOKBUSDT,Stock,1
NVDA,NVDAB,NVDABUSDT,Stock,1
ORCL,ORCLB,ORCLBUSDT,Stock,1
PLTR,PLTRB,PLTRBUSDT,Stock,1
PYPL,PYPLB,PYPLBUSDT,Stock,1
QCOM,QCOMB,QCOMBUSDT,Stock,1
QNT,QNTB,QNTBUSDT,Stock,1
QQQ,QQQB,QQQBUSDT,ETF,1
RDDT,RDDTB,RDDTBUSDT,Stock,1
RKLB,RKLBB,RKLBBUSDT,Stock,1
SKHY,SKHYB,SKHYBUSDT,Stock,1
SMCI,SMCIB,SMCIBUSDT,Stock,1
SMH,SMHB,SMHBUSDT,ETF,1
SNDK,SNDKB,SNDKBUSDT,Stock,1
SNXX,SNXXB,SNXXBUSDT,ETF,2
SOXL,SOXLB,SOXLBUSDT,ETF,3
SOXS,SOXSB,SOXSBUSDT,ETF,-3
SPCX,SPCXB,SPCXBUSDT,Stock,1
SPY,SPYB,SPYBUSDT,ETF,1
SQQQ,SQQQB,SQQQBUSDT,ETF,-3
STX,STXB,STXBUSDT,Stock,1
TQQQ,TQQQB,TQQQBUSDT,ETF,3
TSLA,TSLAB,TSLABUSDT,Stock,1
TSM,TSMB,TSMBUSDT,Stock,1
USAR,USARB,USARBUSDT,Stock,1
WDC,WDCB,WDCBUSDT,Stock,1
